{"mean": [53.51086956521739, 0.7891304347826087, 132.13695652173914, 245.22282608695653, 0.15, 137.69239130434784, 0.36630434782608695, 0.8532608695652174, 0.22717391304347825, 0.5391304347826087, 0.1891304347826087, 0.2217391304347826, 0.05, 0.20434782608695654, 0.5989130434782609, 0.19456521739130433, 0.06847826086956521, 0.7108695652173913, 0.22065217391304348, 0.05, 0.741304347826087, 0.20869565217391303], "std": [9.419561705414813, 0.4079259634816343, 17.920013813752103, 51.757175732832636, 0.3570714214271425, 25.1315656949913, 0.48179401468863436, 1.0574735156470332, 0.6285945781402325, 0.49846645732057443, 0.3916121977435714, 0.41541652406808405, 0.21794494717703364, 0.40322424537779405, 0.4901185671139869, 0.3958656256519109, 0.25256482070519043, 0.453358606916234, 0.41468637795385976, 0.21794494717703364, 0.4379180422410417, 0.40637639810601467]}